#,Company,Batch,YC URL
1,WePay,Summer 2009,https://www.ycombinator.com/companies/wepay
2,AirHelp,Winter 2014,https://www.ycombinator.com/companies/airhelp
3,MBX,Winter 2014,https://www.ycombinator.com/companies/mbx
4,Weave,Winter 2014,https://www.ycombinator.com/companies/weave
5,Framed Data,Winter 2014,https://www.ycombinator.com/companies/framed-data
6,SFOX,Summer 2014,https://www.ycombinator.com/companies/sfox
7,Weave,Summer 2014,https://www.ycombinator.com/companies/weave-2
8,Cognito,Summer 2014,https://www.ycombinator.com/companies/cognito
9,Ravti,Summer 2014,https://www.ycombinator.com/companies/ravti
10,Notable Labs,Winter 2015,https://www.ycombinator.com/companies/notable-labs
11,Labdoor,Winter 2015,https://www.ycombinator.com/companies/labdoor
12,Platzi,Winter 2015,https://www.ycombinator.com/companies/platzi
13,ReadMe,Winter 2015,https://www.ycombinator.com/companies/readme
14,Tempo,Winter 2015,https://www.ycombinator.com/companies/tempo
15,Yhat,Winter 2015,https://www.ycombinator.com/companies/yhat
16,GitLab,Winter 2015,https://www.ycombinator.com/companies/gitlab
17,Pretty Instant,Winter 2015,https://www.ycombinator.com/companies/pretty-instant
18,NimbleRx,Winter 2015,https://www.ycombinator.com/companies/nimblerx
19,Shotput,Summer 2015,https://www.ycombinator.com/companies/shotput
20,Locent,Summer 2015,https://www.ycombinator.com/companies/locent
21,Oolu,Summer 2015,https://www.ycombinator.com/companies/oolu
22,Plate IQ,Summer 2015,https://www.ycombinator.com/companies/plate-iq
23,Nebia,Summer 2015,https://www.ycombinator.com/companies/nebia
24,Bitmovin,Summer 2015,https://www.ycombinator.com/companies/bitmovin
25,Eight Sleep,Summer 2015,https://www.ycombinator.com/companies/eight-sleep
26,Lattice,Winter 2016,https://www.ycombinator.com/companies/lattice
27,Embark Trucks,Winter 2016,https://www.ycombinator.com/companies/embark-trucks
28,Luminist Labs,Winter 2016,https://www.ycombinator.com/companies/luminist-labs
29,Castle,Winter 2016,https://www.ycombinator.com/companies/castle
30,Apollo.io,Winter 2016,https://www.ycombinator.com/companies/apollo-io
31,NURX,Winter 2016,https://www.ycombinator.com/companies/nurx
32,Relativity Space,Winter 2016,https://www.ycombinator.com/companies/relativity-space
33,Perlara,Winter 2016,https://www.ycombinator.com/companies/perlara
34,Vote.org,Summer 2016,https://www.ycombinator.com/companies/vote-org
35,Nova Credit,Summer 2016,https://www.ycombinator.com/companies/nova-credit
36,Looklive,Summer 2016,https://www.ycombinator.com/companies/looklive
37,Clip Health,Summer 2016,https://www.ycombinator.com/companies/clip-health
38,Burrow,Summer 2016,https://www.ycombinator.com/companies/burrow
39,Miso,Summer 2016,https://www.ycombinator.com/companies/miso
40,People.ai,Summer 2016,https://www.ycombinator.com/companies/people-ai
41,Volansi,Winter 2017,https://www.ycombinator.com/companies/volansi
42,Reliance Health,Winter 2017,https://www.ycombinator.com/companies/reliance-health
43,UpKeep,Winter 2017,https://www.ycombinator.com/companies/upkeep
44,Retool,Winter 2017,https://www.ycombinator.com/companies/retool
45,Bloom Institute of Technology,Summer 2017,https://www.ycombinator.com/companies/bloom-institute-of-technology
46,Standard AI,Summer 2017,https://www.ycombinator.com/companies/standard-ai
47,Cashfree Payments,Summer 2017,https://www.ycombinator.com/companies/cashfree-payments
48,Shogun,Winter 2018,https://www.ycombinator.com/companies/shogun
49,Bear Flag Robotics,Winter 2018,https://www.ycombinator.com/companies/bear-flag-robotics
50,Sourcify,Winter 2018,https://www.ycombinator.com/companies/sourcify
51,Players' Lounge,Winter 2018,https://www.ycombinator.com/companies/players-lounge
52,SafetyWing,Winter 2018,https://www.ycombinator.com/companies/safetywing
53,AlgoSurg Inc,Winter 2018,https://www.ycombinator.com/companies/algosurg-inc
54,Runa,Winter 2018,https://www.ycombinator.com/companies/runa
55,Veriff,Winter 2018,https://www.ycombinator.com/companies/veriff
56,Replit,Winter 2018,https://www.ycombinator.com/companies/replit
57,Snackpass,Winter 2018,https://www.ycombinator.com/companies/snackpass
58,RevenueCat,Summer 2018,https://www.ycombinator.com/companies/revenuecat
59,Meru Health,Summer 2018,https://www.ycombinator.com/companies/meru-health
60,Quickchat AI,Summer 2018,https://www.ycombinator.com/companies/quickchat-ai
61,Shelf Engine,Summer 2018,https://www.ycombinator.com/companies/shelf-engine
62,AnnieCannons,Summer 2018,https://www.ycombinator.com/companies/anniecannons
63,Kinside,Summer 2018,https://www.ycombinator.com/companies/kinside
64,Nebullam (DBA Clayton Farms),Winter 2019,https://www.ycombinator.com/companies/nebullam-dba-clayton-farms
65,Avo,Winter 2019,https://www.ycombinator.com/companies/avo
66,Demodesk,Winter 2019,https://www.ycombinator.com/companies/demodesk
67,Autodial prev Qwest,Winter 2019,https://www.ycombinator.com/companies/autodial-prev-qwest
68,Kovi,Winter 2019,https://www.ycombinator.com/companies/kovi
69,Cityfurnish,Winter 2019,https://www.ycombinator.com/companies/cityfurnish
70,Pulse Active Stations Network,Winter 2019,https://www.ycombinator.com/companies/pulse-active-stations-network
71,FIRST,Winter 2019,https://www.ycombinator.com/companies/first
72,"OutRival, Inc.",Winter 2019,https://www.ycombinator.com/companies/outrival-inc
73,Vouch,Summer 2019,https://www.ycombinator.com/companies/vouch
74,Apero Health,Summer 2019,https://www.ycombinator.com/companies/apero-health
75,Symplex,Summer 2019,https://www.ycombinator.com/companies/symplex
76,BODYSIM by Well Principled,Summer 2019,https://www.ycombinator.com/companies/bodysim-by-well-principled
77,Hype and Vice,Summer 2019,https://www.ycombinator.com/companies/hype-and-vice
78,Voyage Biomedical,Summer 2019,https://www.ycombinator.com/companies/voyage-biomedical
79,Embrace,Summer 2019,https://www.ycombinator.com/companies/embrace
80,Yummy Future,Summer 2019,https://www.ycombinator.com/companies/yummy-future
81,Tandem,Summer 2019,https://www.ycombinator.com/companies/tandem
82,Downtobid,Summer 2019,https://www.ycombinator.com/companies/downtobid
83,InEvent,Summer 2019,https://www.ycombinator.com/companies/inevent
84,Vitau,Summer 2019,https://www.ycombinator.com/companies/vitau
85,Asher Bio,Summer 2019,https://www.ycombinator.com/companies/asher-bio
86,Taskade,Summer 2019,https://www.ycombinator.com/companies/taskade
87,Vendr,Summer 2019,https://www.ycombinator.com/companies/vendr
88,Flowglad,Winter 2020,https://www.ycombinator.com/companies/flowglad
89,Ophelia,Winter 2020,https://www.ycombinator.com/companies/ophelia
90,yearend,Winter 2020,https://www.ycombinator.com/companies/yearend
91,Vori,Winter 2020,https://www.ycombinator.com/companies/vori
92,Termii,Winter 2020,https://www.ycombinator.com/companies/termii
93,inFeedo AI,Summer 2020,https://www.ycombinator.com/companies/infeedo-ai
94,Dripos,Summer 2020,https://www.ycombinator.com/companies/dripos
95,BukuWarung,Summer 2020,https://www.ycombinator.com/companies/bukuwarung
96,Vectrix,Summer 2020,https://www.ycombinator.com/companies/vectrix
97,Notabene,Summer 2020,https://www.ycombinator.com/companies/notabene
98,"Warmly,",Summer 2020,https://www.ycombinator.com/companies/warmly
99,Parrot Software 🦜,Summer 2020,https://www.ycombinator.com/companies/parrot-software
100,Queenly,Winter 2021,https://www.ycombinator.com/companies/queenly
101,Alinea,Winter 2021,https://www.ycombinator.com/companies/alinea
102,Popl,Winter 2021,https://www.ycombinator.com/companies/popl
103,Slash,Summer 2021,https://www.ycombinator.com/companies/slash
104,Moonshot Brands,Winter 2021,https://www.ycombinator.com/companies/moonshot-brands
105,MarqVision,Summer 2021,https://www.ycombinator.com/companies/marqvision
106,Clear,Winter 2021,https://www.ycombinator.com/companies/clear
107,MagicBell,Winter 2021,https://www.ycombinator.com/companies/magicbell
108,AOA Dx,Summer 2021,https://www.ycombinator.com/companies/aoa-dx-inc
109,Beeper,Summer 2021,https://www.ycombinator.com/companies/beeper
110,Yummy,Summer 2021,https://www.ycombinator.com/companies/yummy-inc
111,Ananya Health,Summer 2021,https://www.ycombinator.com/companies/ananya-health
112,Instacrops,Summer 2021,https://www.ycombinator.com/companies/instacrops
113,Coinrule,Summer 2021,https://www.ycombinator.com/companies/coinrule
114,Malloc Inc,Summer 2021,https://www.ycombinator.com/companies/malloc-inc
115,Telmai,Summer 2021,https://www.ycombinator.com/companies/telmai
116,Siglo,Summer 2021,https://www.ycombinator.com/companies/siglo
117,Novatr,Summer 2021,https://www.ycombinator.com/companies/novatr
118,Atlas,Summer 2021,https://www.ycombinator.com/companies/atlas
119,SFA Therapeutics,Summer 2021,https://www.ycombinator.com/companies/sfa-therapeutics-inc
120,Payflow,Summer 2021,https://www.ycombinator.com/companies/payflow
121,Andi,Winter 2022,https://www.ycombinator.com/companies/andi
122,Keylika,Summer 2022,https://www.ycombinator.com/companies/keylika
123,Peakflo,Winter 2022,https://www.ycombinator.com/companies/peakflo
124,Rosebud Biosciences,Winter 2022,https://www.ycombinator.com/companies/rosebud-biosciences
125,HOKALI,Winter 2022,https://www.ycombinator.com/companies/hokali
126,Mintlify,Winter 2022,https://www.ycombinator.com/companies/mintlify
127,Trackingplan,Winter 2022,https://www.ycombinator.com/companies/trackingplan
128,Talentropy.ai,Winter 2022,https://www.ycombinator.com/companies/talentropy-ai
129,Housewarming,Winter 2022,https://www.ycombinator.com/companies/housewarming
130,Koko,Winter 2022,https://www.ycombinator.com/companies/koko-2
131,HippoBuild,Winter 2022,https://www.ycombinator.com/companies/hippobuild
132,AiSupervision,Winter 2022,https://www.ycombinator.com/companies/aisupervision
133,Mono,Winter 2022,https://www.ycombinator.com/companies/mono-2
134,BBy,Winter 2022,https://www.ycombinator.com/companies/bby
135,Devyce,Summer 2022,https://www.ycombinator.com/companies/devyce
136,BlueHill Payments,Summer 2022,https://www.ycombinator.com/companies/bluehill-payments
137,Disclo,Summer 2022,https://www.ycombinator.com/companies/disclo
138,Malama Health,Summer 2022,https://www.ycombinator.com/companies/malama-health
139,AiPrise,Summer 2022,https://www.ycombinator.com/companies/aiprise
140,Kamion,Summer 2022,https://www.ycombinator.com/companies/kamion
141,Integrated Reasoning,Summer 2022,https://www.ycombinator.com/companies/integrated-reasoning
142,Polymath Robotics,Summer 2022,https://www.ycombinator.com/companies/polymath-robotics
143,OneText,Winter 2023,https://www.ycombinator.com/companies/onetext
144,DrDroid,Winter 2023,https://www.ycombinator.com/companies/drdroid
145,CreatorML,Winter 2023,https://www.ycombinator.com/companies/creatorml
146,Cosine,Winter 2023,https://www.ycombinator.com/companies/cosine
147,Alloy,Winter 2023,https://www.ycombinator.com/companies/alloy
148,Choppy!,Winter 2023,https://www.ycombinator.com/companies/choppy
149,SensorSurf,Winter 2023,https://www.ycombinator.com/companies/sensorsurf
150,Koywe,Winter 2023,https://www.ycombinator.com/companies/koywe
151,Defer,Winter 2023,https://www.ycombinator.com/companies/defer
152,Milio,Winter 2023,https://www.ycombinator.com/companies/milio
153,Pylon,Winter 2023,https://www.ycombinator.com/companies/pylon-2
154,Stralis Aircraft,Winter 2023,https://www.ycombinator.com/companies/stralis-aircraft
155,Corgi Labs,Winter 2023,https://www.ycombinator.com/companies/corgi-labs
156,Fern,Winter 2023,https://www.ycombinator.com/companies/fern
157,Persist AI,Winter 2023,https://www.ycombinator.com/companies/persist-ai
158,Skyhook,Winter 2023,https://www.ycombinator.com/companies/skyhook
159,HyLight,Summer 2023,https://www.ycombinator.com/companies/hylight
160,Magic Loops,Summer 2023,https://www.ycombinator.com/companies/magic-loops
161,Alguna,Summer 2023,https://www.ycombinator.com/companies/alguna
162,Chatter,Summer 2023,https://www.ycombinator.com/companies/chatter
163,ego,Winter 2024,https://www.ycombinator.com/companies/ego
164,Greptile,Winter 2024,https://www.ycombinator.com/companies/greptile
165,Artisan,Winter 2024,https://www.ycombinator.com/companies/artisan
166,Celest,Winter 2024,https://www.ycombinator.com/companies/celest
167,Zaymo,Winter 2024,https://www.ycombinator.com/companies/zaymo
168,sync.,Winter 2024,https://www.ycombinator.com/companies/sync-2
169,Aedilic,Winter 2024,https://www.ycombinator.com/companies/aedilic
170,Wuri,Winter 2024,https://www.ycombinator.com/companies/wuri
171,Pythagora,Winter 2024,https://www.ycombinator.com/companies/pythagora
172,Manifold Freight,Winter 2024,https://www.ycombinator.com/companies/manifold-freight
173,JustAI,Winter 2024,https://www.ycombinator.com/companies/justai
174,camelAI,Winter 2024,https://www.ycombinator.com/companies/camelai
175,Spur,Summer 2024,https://www.ycombinator.com/companies/spur
176,Piramidal,Winter 2024,https://www.ycombinator.com/companies/piramidal
177,GetCrux,Winter 2024,https://www.ycombinator.com/companies/getcrux
178,RetailReady,Winter 2024,https://www.ycombinator.com/companies/retailready
179,Saphira AI,Summer 2024,https://www.ycombinator.com/companies/saphira-ai
180,Decisional AI,Summer 2024,https://www.ycombinator.com/companies/decisional-ai
181,Mito Health,Summer 2024,https://www.ycombinator.com/companies/mito-health
182,Ontra Mobility,Summer 2024,https://www.ycombinator.com/companies/ontra-mobility
183,Thunder Compute,Summer 2024,https://www.ycombinator.com/companies/thunder-compute
184,The Forecasting Company,Summer 2024,https://www.ycombinator.com/companies/the-forecasting-company
185,Starcloud,Summer 2024,https://www.ycombinator.com/companies/starcloud
186,Kontigo,Summer 2024,https://www.ycombinator.com/companies/kontigo
187,Codebuff,Fall 2024,https://www.ycombinator.com/companies/codebuff
188,Autumn,Summer 2025,https://www.ycombinator.com/companies/autumn
189,Friday,Fall 2024,https://www.ycombinator.com/companies/friday
190,Revise Robotics,Winter 2025,https://www.ycombinator.com/companies/revise-robotics
191,Mosaic,Winter 2025,https://www.ycombinator.com/companies/mosaic-2
192,Cuckoo Labs,Winter 2025,https://www.ycombinator.com/companies/cuckoo-labs
193,Orbital Operations,Winter 2025,https://www.ycombinator.com/companies/orbital-operations
194,Misprint,Winter 2025,https://www.ycombinator.com/companies/misprint
195,Woz,Winter 2025,https://www.ycombinator.com/companies/woz
196,Paratus Health,Winter 2025,https://www.ycombinator.com/companies/paratus-health
197,Mentra,Winter 2025,https://www.ycombinator.com/companies/mentra
198,Cua,Spring 2025,https://www.ycombinator.com/companies/cua
199,Lotas,Summer 2025,https://www.ycombinator.com/companies/lotas
200,Lilac,Summer 2025,https://www.ycombinator.com/companies/lilac
201,Nozomio,Summer 2025,https://www.ycombinator.com/companies/nozomio
202,stagewise,Summer 2025,https://www.ycombinator.com/companies/stagewise
203,Perspectives Health,Summer 2025,https://www.ycombinator.com/companies/perspectives-health
204,Luminal,Summer 2025,https://www.ycombinator.com/companies/luminal
205,Kaigo Health,Fall 2025,https://www.ycombinator.com/companies/kaigo-health
206,Questom,Fall 2025,https://www.ycombinator.com/companies/questom
207,Wardstone,Fall 2025,https://www.ycombinator.com/companies/wardstone
208,AnswerThis,Fall 2025,https://www.ycombinator.com/companies/answerthis
209,Specific,Fall 2025,https://www.ycombinator.com/companies/specific
210,Clad Labs,Fall 2025,https://www.ycombinator.com/companies/clad-labs
211,Exonic,Fall 2025,https://www.ycombinator.com/companies/exonic
212,Arcline,Winter 2026,https://www.ycombinator.com/companies/arcline
213,Librar Labs,Winter 2026,https://www.ycombinator.com/companies/librar-labs
